{
  "$schema": "./node_modules/@biomejs/biome/configuration_schema.json",
  "files": {
    "includes": [
      "src/**/*.ts",
      "src/**/*.tsx",
      "src/**/*.js",
      "src/**/*.jsx",
      "src/**/*.css",
      "src/**/*.scss",
      "src/**/*.json",
      "config/**/*.ts",
      "!src/client/supabase.ts"
    ]
  },
  "formatter": {
    "enabled": true,
    "formatWithErrors": false,
    "attributePosition": "auto",
    "indentStyle": "space",
    "indentWidth": 2,
    "lineWidth": 120,
    "lineEnding": "lf"
  },
  "javascript": {
    "formatter": {
      "arrowParentheses": "always",
      "bracketSameLine": true,
      "bracketSpacing": false,
      "jsxQuoteStyle": "double",
      "quoteProperties": "asNeeded",
      "semicolons": "asNeeded",
      "trailingCommas": "none",
      "quoteStyle": "single"
    }
  },
  "css": {
    "formatter": {
      "enabled": true,
      "indentStyle": "space",
      "indentWidth": 2,
      "quoteStyle": "double"
    }
  },
  "linter": {
    "domains": {
      "react": "recommended"
    },
    "rules": {
      "recommended": true,
      "suspicious": {
        "noImplicitAnyLet": "warn",
        "noArrayIndexKey": "warn"
      },
      "style": {
        "noCommonJs": "error",
        "noRestrictedImports": {
          "level": "error",
          "options": {
            "paths": {
              "echarts-for-taro": "The package echarts-for-taro does not exist. Please remove it and update the code referencing it.",
              "file-saver": "file-saver causes build errors in weapp. Use Taro APIs instead (e.g., Taro.getFileSystemManager() or Taro.downloadFile())."
            }
          }
        }
      }
    }
  }
}
