{
  "miniprogramRoot": "dist/",
  "projectname": "taro-react-starter",
  "description": "taro-react-starter",
  "appid": "wx3ac3f653002c2ab6",
  "setting": {
    "urlCheck": true,
    "es6": false,
    "enhance": false,
    "compileHotReLoad": false,
    "postcss": false,
    "minified": false,
    "babelSetting": {
      "ignore": [],
      "disablePlugins": [],
      "outputPath": ""
    }
  },
  "compileType": "miniprogram",
  "libVersion": "latest",
  "srcMiniprogramRoot": "dist/",
  "packOptions": {
    "ignore": [],
    "include": []
  },
  "condition": {},
  "editorSetting": {
    "tabIndent": "insertSpaces",
    "tabSize": 4
  }
}
